{"data":[{"date_inscription":"06\/03\/2022","nom":"Client_1","revenu_annuel":"0","client_id":1,"email":"client1@gmail.com"},{"date_inscription":"15\/03\/2022","nom":"Client_2","revenu_annuel":"35000","client_id":2,"email":"client2@gmail.com"},{"date_inscription":"08\/01\/2023","nom":"Client_3","revenu_annuel":"35000","client_id":3,"email":"client3@gmail.com"},{"date_inscription":"28\/04\/2022","nom":"Client_4","revenu_annuel":"28000","client_id":4,"email":"client4@gmail.com"},{"date_inscription":"25\/09\/2022","nom":"Client_5","revenu_annuel":"42000","client_id":5,"email":"client5@gmail.com"},{"date_inscription":"26\/03\/2023","nom":"Client_6","revenu_annuel":"52000","client_id":6,"email":"client6@gmail.com"},{"date_inscription":"29\/10\/2022","nom":"Client_7","revenu_annuel":"52000","client_id":7,"email":"client7@gmail.com"},{"date_inscription":"22\/08\/2022","nom":"Client_8","revenu_annuel":"52000","client_id":8,"email":"client8@gmail.com"},{"date_inscription":"30\/08\/2022","nom":"Client_9","revenu_annuel":"28000","client_id":9,"email":"client9@gmail.com"},{"date_inscription":"21\/04\/2023","nom":"Client_10","revenu_annuel":"28000","client_id":10,"email":"client10@gmail.com"},{"date_inscription":"17\/08\/2023","nom":"Client_11","revenu_annuel":"42000","client_id":11,"email":"client11@gmail.com"},{"date_inscription":"20\/05\/2022","nom":"Client_12","revenu_annuel":"35000","client_id":12,"email":"client12@gmail.com"},{"date_inscription":"16\/03\/2023","nom":"Client_13","revenu_annuel":"0","client_id":13,"email":"client13@gmail.com"},{"date_inscription":"02\/02\/2023","nom":"Client_14","revenu_annuel":"35000","client_id":14,"email":"client14@gmail.com"},{"date_inscription":"08\/11\/2023","nom":"Client_15","revenu_annuel":"52000","client_id":15,"email":"client15@gmail.com"}]}